股票代码,股票名称
603200,上海洗霸
603188,亚邦股份
002866,传艺科技
002058,紫竹高科
605388,均瑶健康
605303,园林股份
600095,湘财股份
301190,善水科技
600032,浙江新能
002242,九阳股份
600488,津药药业
600241,时代万恒
601218,吉鑫科技
000678,襄阳轴承
603278,大业股份
600802,福建水泥
600843,上工申贝
603396,金辰股份
002119,康强电子
002819,东方中科
603949,雪龙集团
000850,华茂股份
600418,江淮汽车
002238,天威视讯
600503,华丽家族
600721,百花医药
002259,升达林业
002178,延华智能
603020,爱普股份
600664,哈药股份
002303,美盈森
001234,泰慕士
002614,奥佳华
600743,华远控股
000607,华媒控股
600825,新华传媒
000756,新华制药
603636,南威软件
000532,华金资本
600606,绿地控股
603001,奥康国际
002589,瑞康医药
603068,博通集成
001376,百通能源
603316,诚邦股份
601123,马矿股份
601811,新华文轩
000910,大亚圣象
002836,新宏泽
000504,南华生物
600630,龙头股份
600448,华纺股份
002453,华软科技
301390,经纬股份
002655,共达电声
003001,中岩大地
002285,世联行
603230,内蒙新华
002631,德尔未来
601579,会稽山
002584,西陇科学
002846,英联股份
603082,北自科技
603248,锡华科技
001216,华瓷股份
603090,宏盛股份
688004,博汇科技
002232,启明信息
605058,澳弘电子
603439,三力制药
600088,中视传媒
002585,双星新材
002560,通达股份
605069,正和生态
002201,九鼎新材
000823,超声电子
600876,凯盛新能
002912,中新赛克
603421,鼎信通讯
000565,渝三峡A
000993,闽东电力
002377,国创高新
600192,长城电工
600359,新农开发
002068,黑猫股份
600792,云煤能源
002349,精华制药
605077,华康股份
000930,中粮科技
000980,众泰汽车
000523,红棉股份
002295,精艺股份
002790,瑞尔特
002172,澳洋健康
601595,上海电影
002980,华盛昌
002470,金正大
603679,华体科技
000978,桂林旅游
002579,中京电子
000759,中百集团
603999,XD读者传
603042,华脉科技
601949,中国出版
002564,天沃科技
000798,中水渔业
600354,敦煌种业
001366,播恩集团
603696,安记食品
002702,海欣食品
600865,百大集团
603162,海通发展
600108,亚盛集团
002403,爱仕达
605580,恒盛能源
605398,新炬网络
600657,信达地产
002297,博云新材
002708,光洋股份
603270,金帝股份
002300,太阳电缆
002059,云南旅游
002104,恒宝股份
601566,九牧王
600967,内蒙一机
600830,香溢融通
603207,小方制药
600828,茂业商业
000635,英力特
600103,青山纸业
300404,博济医药
603118,共进股份
002322,理工能科
600403,大有能源
601011,宝泰隆
600313,农发种业
300684,中石科技
